Symbol,Sector,Industry,MarketCap,NewsScoreMean,NewsCount,Size
AACG,Consumer Services,Other Consumer Services,$35.12M,0.49075,1,3.558770768766916
AAL,Transportation,Air Freight/Delivery Services,$12.21B,-0.09660657894736842,19,9.41001056710475
AAMC,Finance,Real Estate,$35.11M,0.03509875,20,3.558485990180341
AAME,Finance,Life Insurance,$46.08M,0.0,1,3.830379016387636
AAOI,Technology,Semiconductors,$237.82M,-0.04252916666666665,6,5.471514085009432
AAON,Capital Goods,Industrial Machinery/Components,$2.94B,0.2624541666666667,12,7.986164860332727
AAPL,Technology,Computer Manufacturing,$1401.47B,0.164675,19,14.153032243721059
AAU,Basic Industries,Precious Metals,$48.13M,0.08396527777777779,18,3.873905683315018
AAWW,Transportation,Transportation Services,$859.43M,-0.0315,4,6.756269378807024
AAXN,Capital Goods,Ordnance And Accessories,$5.13B,0.09084999999999999,20,8.542860938164814
ABCB,Finance,Major Banks,$2.85B,-0.06212499999999999,6,7.955074273262696
ABEO,Health Care,Major Pharmaceuticals,$335.82M,0.13750357142857145,7,5.816575302131323
ABIO,Health Care,Biotechnology: In Vitro & In Vivo Diagnostic Substances,$7.81M,0.03323999999999999,5,2.0554049638515948
ABMD,Health Care,Medical/Dental Instruments,$7.57B,-0.25505208333333335,12,8.931948346431495
ABUS,Health Care,Major Pharmaceuticals,$216.09M,0.1156986842105263,19,5.375694987569381
ACAD,Health Care,Major Pharmaceuticals,$6.9B,0.026762499999999988,20,8.83927669058535
ACAM,Finance,Business Services,$386.17M,0.0,1,5.956277687018599
ACBI,Finance,Major Banks,$434.26M,0.185425,2,6.073643433065626
ACER,Health Care,Major Pharmaceuticals,$59.11M,0.35371875,20,4.079400114836278
ACGL,Finance,Property-Casualty Insurers,$19.43B,-0.1482535714285714,7,9.874573542371486
ACHC,Health Care,Medical Specialities,$3.1B,0.0765125,16,8.039157390473237
ACHV,Health Care,Biotechnology: In Vitro & In Vivo Diagnostic Substances,$12.44M,-0.002181250000000001,4,2.5209170873110334
ACIA,Technology,Semiconductors,$2.86B,0.14349821428571424,14,7.958576903813898
ACIU,Health Care,Major Pharmaceuticals,$601.96M,0.1559125,4,6.400190997918518
ACIW,Technology,Computer Software: Prepackaged Software,$3.9B,0.19018166666666667,15,8.268731832117737
ACLS,Technology,Industrial Machinery/Components,$910.75M,0.07969124999999996,20,6.814268435888673
ACMR,Technology,Industrial Machinery/Components,$776.08M,-0.09830999999999998,5,6.654255607653028
ACNB,Finance,Major Banks,$305.69M,0.03782499999999998,3,5.722571516552783
ACOR,Health Care,Biotechnology: Biological Products (No Diagnostic Substances),$75.41M,-0.05888249999999999,10,4.322939892214555
ACRS,Health Care,Major Pharmaceuticals,$55.46M,0.030659374999999996,8,4.015662040187632
ACRX,Health Care,Major Pharmaceuticals,$128.11M,0.038233333333333334,18,4.852889269868342
ACST,Health Care,Major Pharmaceuticals,$50.79M,0.14746785714285715,7,3.9276994848131537
ACTG,Miscellaneous,Multi-Sector Companies,$123.95M,0.07543333333333334,6,4.819878258481199
ACTT,Finance,Business Services,$387.38M,-0.05952,5,5.959406123414093
ACU,Capital Goods,Industrial Machinery/Components,$82.13M,0.043138157894736844,19,4.408303357752101
ACY,Technology,Diversified Commercial Services,$8.04M,0.054015000000000014,5,2.0844290831908747
ADAP,Health Care,Biotechnology: Biological Products (No Diagnostic Substances),$511.55M,0.15835000000000002,10,6.237445332324949
ADBE,Technology,Computer Software: Prepackaged Software,$184.83B,0.08496447368421052,19,12.127191762676727
ADES,Basic Industries,Major Chemicals,$223.07M,0.10325625000000001,20,5.40748562354869
ADI,Technology,Semiconductors,$45.95B,-0.01525875000000001,20,10.735309127783832
ADIL,Health Care,Major Pharmaceuticals,$17.03M,-0.313645,20,2.834976494674597
ADMA,Health Care,Biotechnology: Biological Products (No Diagnostic Substances),$233.12M,0.09907368421052631,19,5.4515533424468945
ADMS,Health Care,Major Pharmaceuticals,$158.37M,0.2240999999999999,14,5.064934067503635
ADP,Technology,EDP Services,$78.05B,-0.0008624999999999993,20,11.265104925943579
ADPT,Health Care,Biotechnology: Biological Products (No Diagnostic Substances),$4.23B,0.09024124999999997,20,8.349957272040324
ADRO,Health Care,Major Pharmaceuticals,$311.59M,0.11778888888888889,9,5.7416882210554325
ADSK,Technology,Computer Software: Prepackaged Software,$45.47B,0.12793815789473686,19,10.724808046819057
ADTN,Public Utilities,Telecommunications Equipment,$438.57M,0.14799999999999996,1,6.0835194341916345
ADUS,Health Care,Medical/Nursing Services,$1.53B,0.1512777777777778,18,7.333023014386481
ADVM,Health Care,Biotechnology: Biological Products (No Diagnostic Substances),$1.02B,-0.2303625,2,6.927557906278317
ADXN,Health Care,Major Pharmaceuticals,nan,-0.550925,2,0.0
ADXS,Health Care,Major Pharmaceuticals,$61.43M,-0.08033333333333333,3,4.117898315175836
AE,Energy,Oil Refining/Marketing,$138.06M,0.11018026315789471,19,4.92768837327533
AEGN,Basic Industries,Water Supply,$704.38M,0.005412499999999987,2,6.557317983260417
AEHR,Capital Goods,Electrical Products,$54.77M,-0.19873125000000003,4,4.00314259879563
AEIS,Capital Goods,Industrial Machinery/Components,$2.66B,-0.040157500000000006,10,7.886081401775745
AEMD,Capital Goods,Biotechnology: Laboratory Analytical Instruments,$23.88M,-0.26048333333333334,3,3.1730412885244013
AERI,Health Care,Biotechnology: Biological Products (No Diagnostic Substances),$921.33M,-0.10875277777777777,9,6.825818278267898
AESE,Consumer Services,Services-Misc. Amusement & Recreation,$70.61M,0.38566666666666666,6,4.257171777528256
AEYE,Technology,Computer Software: Prepackaged Software,$44.38M,0.11183749999999999,6,3.792788917504448
AEZS,Health Care,Major Pharmaceuticals,$20.43M,0.2174666666666667,3,3.0170044088295307
AFH,Finance,Property-Casualty Insurers,$8.22M,0.03268999999999999,5,2.1065702090680887
AFIN,Consumer Services,Real Estate Investment Trusts,$1.38B,0.29728750000000004,18,7.22983877815125
AFINP,Consumer Services,Real Estate Investment Trusts,$31.28M,0.21805625,4,3.4429789156771102
AFMD,Health Care,Major Pharmaceuticals,$208.86M,0.159225,2,5.341664171051403
AFYA,Consumer Services,Other Consumer Services,$2.37B,-0.06313026315789472,19,7.7706452341291765
AGBA,Finance,Business Services,$60.53M,0.15813499999999997,20,4.103139109903596
AGE,Health Care,Major Pharmaceuticals,$51.96M,0.1120220588235294,17,3.9504741918023987
AGEN,Health Care,Biotechnology: Biological Products (No Diagnostic Substances),$520.6M,-0.003117499999999991,20,6.254981992560465
AGFS,Finance,Business Services,$126.89M,0.1483107142857143,7,4.8433205694088235
AGIO,Health Care,Major Pharmaceuticals,$3.67B,0.09813026315789473,19,8.207946941048617
AGLE,Health Care,Major Pharmaceuticals,$233.91M,-0.015075000000000033,4,5.454936425989619
AGNC,Consumer Services,Real Estate Investment Trusts,$10.61B,0.1279058823529412,17,9.26955223160803
AGNCM,Consumer Services,Real Estate Investment Trusts,nan,0.3191,2,0.0
AGNCN,Consumer Services,Real Estate Investment Trusts,$342160,0.21108749999999998,4,0.0
AGNCO,Consumer Services,Real Estate Investment Trusts,$243.93M,-0.014867647058823518,17,5.496881298887856
AGNCP,Consumer Services,Real Estate Investment Trusts,nan,0.04000833333333334,9,0.0
AGRX,Health Care,Major Pharmaceuticals,$249.88M,-0.03150499999999999,5,5.5209808026253695
AGTC,Health Care,Biotechnology: Biological Products (No Diagnostic Substances),$103.99M,0.21143333333333325,12,4.644294740672142
AGYS,Technology,EDP Services,$827.99M,0.05760277777777778,9,6.7190010770176425
AHCO,Health Care,Medical/Nursing Services,$1.21B,-0.1101,1,7.098375638590786
AHPI,Health Care,Industrial Specialties,$9.59M,0.019564285714285735,14,2.2607208888953467
AIH,Health Care,Medical Specialities,$184.65M,-0.05174166666666668,3,5.2184621412985726
AIHS,Finance,Finance: Consumer Services,$17.45M,-0.09572500000000002,1,2.859339648648436
AIM,Health Care,Biotechnology: Biological Products (No Diagnostic Substances),$8.59M,-0.05977105263157896,19,2.150598735996164
AIMC,Capital Goods,Industrial Machinery/Components,$2.25B,0.029445000000000006,10,7.718685495198466
AIMT,Health Care,Major Pharmaceuticals,$1.78B,-0.0030485294117646934,17,7.484368643286131
AINC,Consumer Services,Professional Services,$51.19M,0.05754642857142859,14,3.935544200469492
AIRG,Technology,Radio And Television Broadcasting And Communications Equipment,$88.34M,-0.056575,1,4.481193006168381
AIRI,Capital Goods,Military/Government/Technical,$44.46M,-0.05773333333333331,12,3.7945899085360506
AIRT,Transportation,Air Freight/Delivery Services,$57.67M,0.009075,4,4.0547371076273215
AKAM,Miscellaneous,Business Services,$16.4B,0.08345,20,9.70503661381229
AKBA,Health Care,Major Pharmaceuticals,$1.22B,-0.02700625000000001,8,7.106606137727303
AKCA,Health Care,Major Pharmaceuticals,$1.86B,0.1726575,10,7.528331766707247
AKER,Health Care,Biotechnology: In Vitro & In Vivo Diagnostic Substances,$5.98M,-0.061654999999999995,20,1.7884205679625405
AKG,Basic Industries,Mining & Quarrying of Nonmetallic Minerals (No Fuels),$204.75M,0.26632875,20,5.321789722733179
AKRO,Health Care,Major Pharmaceuticals,$661.13M,0.09191071428571428,14,6.493950492223872
AKRX,Health Care,Major Pharmaceuticals,$181.65M,-0.00225625000000001,4,5.202081758667211
AKTS,Public Utilities,Telecommunications Equipment,$297.3M,-0.13168124999999997,4,5.694741730004052
ALAC,Finance,Business Services,$153.65M,0.21855833333333344,18,5.034677288576494
ALBO,Health Care,Major Pharmaceuticals,$381.01M,0.008137499999999997,10,5.942825621501422
ALCO,Consumer Non-Durables,Farming/Seeds/Milling,$268.15M,0.037773684210526313,19,5.591546525428934
ALDX,Health Care,Major Pharmaceuticals,$141.44M,-0.016191666666666656,6,4.951875598889333
ALEC,Health Care,Biotechnology: Biological Products (No Diagnostic Substances),$2.35B,0.08149264705882353,17,7.762170607138205
ALGN,Health Care,Industrial Specialties,$21.48B,0.036294736842105255,19,9.974877548622802
ALGR,Consumer Services,Restaurants,$157.05M,0.1531,1,5.056564225984656
ALGT,Transportation,Air Freight/Delivery Services,$2.67B,-0.07595625,20,7.8898337513942955
ALIM,Health Care,Major Pharmaceuticals,$32.61M,-0.15619249999999993,20,3.484618989801228
ALKS,Health Care,Major Pharmaceuticals,$3.22B,-0.09044772727272726,11,8.077136638538454
ALLK,Health Care,Major Pharmaceuticals,$3.11B,0.031086250000000003,20,8.04237800517328
ALLO,Health Care,Biotechnology: Biological Products (No Diagnostic Substances),$3.14B,0.21120875,20,8.0519780789023
ALLT,Technology,Computer Communications Equipment,$419.09M,-0.0282125,6,6.038085693992574
ALNA,Health Care,Biotechnology: Biological Products (No Diagnostic Substances),$53.97M,0.3019,2,3.9884283366305513
ALNY,Health Care,Major Pharmaceuticals,$14.99B,0.13368125,16,9.615138591096644
ALO,Basic Industries,Precious Metals,$66.46M,0.1872,19,4.196600262926448
ALOT,Technology,Computer peripheral equipment,$89.43M,0.17403375,20,4.49345619635809
ALPN,Health Care,Major Pharmaceuticals,$57.81M,0.1461115384615385,13,4.057161771094385
ALRM,Technology,Computer Software: Prepackaged Software,$2.31B,-0.040740624999999996,8,7.745002803515839
ALRS,Finance,Major Banks,$369.12M,0.14415,2,5.911121794425443
ALSK,Public Utilities,Telecommunications Equipment,$108.67M,0.32783333333333337,6,4.68831576707476
ALT,Health Care,Major Pharmaceuticals,$27.15M,0.18168125,20,3.3013770463799443
ALTM,Public Utilities,Natural Gas Distribution,$653.11M,0.021320000000000016,5,6.481745568382265
ALTR,Technology,Computer Software: Prepackaged Software,$2.71B,0.18172857142857146,7,7.904703913873747
ALXN,Health Care,Major Pharmaceuticals,$22.7B,0.09431764705882353,17,10.030120203469494
ALYA,Technology,"Computer Software: Programming, Data Processing",$139.92M,-0.21907375,20,4.941070830710347
AMAG,Health Care,Major Pharmaceuticals,$319.49M,0.01565625,12,5.76672597442323
AMAL,Consumer Non-Durables,Textiles,$580.51M,0.015375000000000014,20,6.363907027518426
AMAT,Technology,Semiconductors,$61B,0.0707184210526316,19,11.018629143155449
AMBA,Technology,Semiconductors,$2.32B,0.09960500000000001,20,7.749322464660356
AMBC,Finance,Property-Casualty Insurers,$984.94M,0.074,6,6.89258072561119
AMBO,Consumer Services,Other Consumer Services,$49.82M,-0.05574166666666666,12,3.9084165098340344
AMCI,Finance,Business Services,$281.72M,0.2644958333333333,6,5.64091366987721
AMCX,Consumer Services,Television Services,$2.02B,-0.12326805555555558,18,7.61085279039525
AMD,Technology,Semiconductors,$66.99B,0.119695,20,11.112298633502313
AMED,Health Care,Medical/Nursing Services,$6.27B,0.025321153846153854,13,8.743531633626967
AMEH,Consumer Services,Professional Services,$612.36M,0.055313235294117635,17,6.417320344863881
AMGN,Health Care,Biotechnology: Biological Products (No Diagnostic Substances),$131.02B,-0.036989473684210517,19,11.783105262285867
AMKR,Technology,Semiconductors,$3.11B,-0.183635,5,8.04237800517328
AMNB,Finance,Major Banks,$402.23M,0.17297500000000002,3,5.997024064313214
AMOT,Capital Goods,Electrical Products,$448.7M,0.052829166666666656,6,6.106354512981937
AMOV,Public Utilities,Telecommunications Equipment,$57.83B,0.156225,2,10.965262951152264
AMPE,Health Care,Major Pharmaceuticals,$109.92M,-0.1328791666666667,6,4.699752828474039
AMPH,Health Care,Major Pharmaceuticals,$866.95M,-0.019841666666666667,3,6.764981304990682
AMRH,Technology,Semiconductors,$4.06M,-0.33615833333333334,3,1.4011829736136412
AMRN,Health Care,Major Pharmaceuticals,$6.41B,0.10292368421052632,19,8.765614549914716
AMRS,Basic Industries,Major Chemicals,$458.92M,0.2498675,20,6.128875902930942
AMS,Health Care,Medical Specialities,$14.48M,0.04738999999999999,20,2.6727683869575705
AMSC,Consumer Durables,Metal Fabrications,$187.44M,0.15908125,8,5.2334587941995405
AMSF,Finance,Property-Casualty Insurers,$1.47B,0.141425,4,7.293017679772782
AMSWA,Technology,Computer Software: Prepackaged Software,$508.06M,0.503,3,6.230599550840237
AMTB,Finance,Major Banks,$838.76M,0.11356249999999998,2,6.731924610718544
AMTD,Finance,Investment Bankers/Brokers/Service,$27.58B,0.08066666666666669,18,10.224846151347293
AMTX,Basic Industries,Major Chemicals,$15.57M,0.47565,5,2.745345985845907
AMZN,Consumer Services,Catalog/Specialty Distribution,$1071.84B,0.1463407894736842,19,13.884887355742094
ANAB,Health Care,Major Pharmaceuticals,$435.49M,0.13842749999999998,20,6.076471833916409
ANAT,Finance,Life Insurance,$3.04B,0.052396052631578934,19,8.019612794400267
ANCN,Health Care,Major Pharmaceuticals,$10.09M,-0.3886125,2,2.3115448343655176
ANDA,Finance,Business Services,$141.45M,0.15521499999999996,20,4.951946297747576
ANDAR,Finance,Business Services,nan,-0.23432250000000004,20,0.0
ANDE,Consumer Services,Farming/Seeds/Milling,$677.43M,0.05080277777777778,18,6.51830622638266
ANGI,Consumer Services,Advertising,$4.12B,0.15359473684210528,19,8.323608442343572
ANGO,Health Care,Medical/Dental Instruments,$476.34M,-0.0031972222222222493,18,6.166131884965077
ANIK,Health Care,Medical/Dental Instruments,$599.31M,0.04200625000000001,20,6.39577899345875
ANIP,Health Care,Major Pharmaceuticals,$736.46M,0.054049999999999994,3,6.601854923497719
ANIX,Health Care,Medical Specialities,$71.21M,-0.550925,2,4.2656332579940335
ANPC,Health Care,Medical Specialities,$105.68M,0.12111666666666669,3,4.66041566021407
ANSS,Technology,Computer Software: Prepackaged Software,$25.14B,0.26084375000000004,20,10.132215482144238
ANTE,Technology,Advertising,$12.57M,-0.06864374999999999,20,2.531313022602156
ANVS,Health Care,Major Pharmaceuticals,$39.11M,0.18662499999999999,2,3.666378188767423
ANY,Technology,EDP Services,$3.04M,0.15648,20,1.1118575154181303
AOBC,Capital Goods,Ordnance And Accessories,$593.56M,-0.2870375,6,6.386138304137925
AOSL,Technology,Semiconductors,$277.07M,0.06096249999999999,20,5.624270181843383
APDN,Consumer Services,Other Consumer Services,$12.27M,0.11072031250000003,16,2.50715725872282
APEI,Consumer Services,Other Consumer Services,$392.66M,0.06577750000000002,10,5.972944097470603
APEN,Health Care,Medical/Dental Instruments,$58.64M,-0.09205833333333335,3,4.071417057578396
APEX,Consumer Non-Durables,Apparel,$3.92M,0.07935749999999997,20,1.366091653802371
APLS,Health Care,Major Pharmaceuticals,$2.92B,0.0416888888888889,18,7.979338895262328
APLT,Health Care,Major Pharmaceuticals,$800.38M,0.16788750000000002,2,6.685086614891138
APM,Health Care,Major Pharmaceuticals,$428.27M,0.16096125,20,6.059753837806675
APOG,Capital Goods,Auto Parts:O.E.M.,$898.35M,-0.039046874999999995,8,6.800559747378581
APOP,Health Care,Medical/Dental Instruments,$7.73M,0.11055227272727274,11,2.0451088625993306
APPF,Technology,Computer Software: Prepackaged Software,$4.87B,-0.11706999999999998,5,8.490849216076635
APPN,Technology,Computer Software: Prepackaged Software,$4.21B,0.0746107142857143,14,8.345217926676428
APPS,Miscellaneous,Multi-Sector Companies,$599.38M,0.190335,20,6.395895787625848
APRE,Health Care,Major Pharmaceuticals,$705.28M,0.06664375,8,6.55859488708444
APT,Health Care,Industrial Specialties,$67.84M,0.1613575,20,4.2171519914836475
APTO,Health Care,Biotechnology: Biological Products (No Diagnostic Substances),$684.97M,-0.08096,5,6.529375041682731
APTX,Health Care,Major Pharmaceuticals,$166.06M,0.31074,20,5.112349168833885
APWC,Basic Industries,Telecommunications Equipment,$18.46M,0.45904999999999996,1,2.9156062290747062
APYX,Health Care,Medical/Dental Instruments,$259M,0.05386029411764705,17,5.556828061699537
AQMS,Basic Industries,Metal Fabrications,$48.2M,0.13680833333333334,6,3.8753590210565547
AQST,Health Care,Major Pharmaceuticals,$145.61M,0.17818333333333333,3,4.980931814722814
ARAV,Health Care,Major Pharmaceuticals,$145.91M,0.10475249999999998,20,4.982989993275931
ARAY,Health Care,Medical/Dental Instruments,$304.87M,-0.164925,1,5.7198854562375985
ARCB,Transportation,Trucking Freight/Courier Services,$637.7M,0.15850833333333333,3,6.457867953321226
ARCE,Consumer Services,Other Consumer Services,$3.14B,0.0599485294117647,17,8.0519780789023
ARCT,Health Care,Major Pharmaceuticals,$223.28M,0.07943958333333334,12,5.408426589228067
ARDS,Health Care,Major Pharmaceuticals,$67.11M,-0.27767875,20,4.206333064170148
ARDX,Health Care,Major Pharmaceuticals,$578.45M,0.17370833333333333,3,6.360352112474898
AREC,Consumer Services,Other Consumer Services,$15.58M,0.023570833333333346,6,2.7459880404426023
ARGX,Health Care,Biotechnology: Biological Products (No Diagnostic Substances),$6.89B,-0.06754583333333332,6,8.837826364007704
ARKR,Consumer Services,Restaurants,$80M,0.21075624999999998,4,4.382026634673881
ARLP,Energy,Coal Mining,$941.71M,-0.130221875,8,6.847697371552765
ARMP,Health Care,Biotechnology: Biological Products (No Diagnostic Substances),$48.57M,0.45169000000000004,5,3.8830060563576536
ARNA,Health Care,Major Pharmaceuticals,$2.67B,0.09916250000000001,18,7.8898337513942955
AROW,Finance,Major Banks,$523.14M,0.44242499999999996,1,6.259849114667778
ARPO,Health Care,Major Pharmaceuticals,$28.11M,0.08900833333333334,3,3.3361253849184407
ARQT,Health Care,Major Pharmaceuticals,$1.02B,-0.3124625,2,6.927557906278317
ARTL,Miscellaneous,Business Services,$5.14M,0.10047500000000001,2,1.6370530794670737
ARTNA,Public Utilities,Water Supply,$346.81M,0.09552500000000001,3,5.848777079554101
ARTW,Capital Goods,Industrial Machinery/Components,$9.57M,0.045024999999999996,2,2.258633205464863
ARVN,Health Care,Major Pharmaceuticals,$1.98B,0.070975,3,7.590852123688581
ARWR,Health Care,Major Pharmaceuticals,$4.04B,-0.041773437499999996,16,8.303999970955196
ARYA,Finance,Business Services,$194.96M,-0.08286111111111112,18,5.272794409316951
ASFI,Finance,Finance Companies,$67.58M,0.40895,1,4.213312081286144
ASLN,Health Care,Major Pharmaceuticals,$79.78M,0.0677875,2,4.379272846477261
ASM,Basic Industries,Precious Metals,$39.8M,0.1482097222222222,18,3.6838669122903918
ASMB,Health Care,Major Pharmaceuticals,$684.21M,0.06360833333333334,3,6.528264888046168
ASML,Technology,Industrial Machinery/Components,$133.43B,0.08739625,20,11.801332274736467
ASNA,Consumer Services,Clothing/Shoe/Accessory Stores,$60.93M,-0.021289285714285715,14,4.109725664260403
ASND,Health Care,Major Pharmaceuticals,$6.93B,-0.0690840909090909,11,8.84361509218395
ASPS,Consumer Services,Other Consumer Services,$309.23M,-0.0034162499999999983,20,5.734085336586247
ASPU,Consumer Services,Other Consumer Services,$213.41M,0.12110833333333335,15,5.3632151981258795
ASRT,Health Care,Major Pharmaceuticals,$108.11M,0.2244825,10,4.68314922730468
ASRV,Finance,Major Banks,$70.28M,0.09545,1,4.252487263318897
ASTC,Capital Goods,Biotechnology: Laboratory Analytical Instruments,$12.51M,-0.009706249999999996,20,2.5265283244788197
ASTE,Capital Goods,Construction/Ag Equipment/Trucks,$1.02B,-0.008430263157894741,19,6.927557906278317
ASUR,Technology,EDP Services,$141.55M,0.09602999999999999,20,4.952653011557909
ASYS,Technology,Industrial Machinery/Components,$84.35M,0.144225,2,4.434974808991977
ATAX,Finance,Finance: Consumer Services,$482.42M,0.164525,4,6.178815103923378
ATCX,Finance,Business Services,$286.1M,-0.09545,1,5.656341400056065
ATEC,Health Care,Medical/Dental Instruments,$409.59M,0.23778000000000002,5,6.01515665936477
ATEX,Public Utilities,Telecommunications Equipment,$847.5M,0.197375,9,6.742290839254605
ATHE,Health Care,Major Pharmaceuticals,$11.2M,0.059749999999999984,14,2.4159137783010487
ATHX,Health Care,Major Pharmaceuticals,$198.97M,0.11779705882352941,17,5.293154059591156
ATIF,Consumer Services,Professional Services,$69.7M,0.12957916666666663,18,4.244200317766478
ATLC,Finance,Finance: Consumer Services,$241.38M,0.3269,2,5.486372455189752
ATLO,Finance,Major Banks,$249.2M,-0.6484,3,5.518255786913298
ATNI,Public Utilities,Telecommunications Equipment,$996.53M,-0.096,1,6.904279244568483
ATNX,Health Care,Major Pharmaceuticals,$1.13B,0.24485000000000004,4,7.029972911706386
ATOM,Technology,Semiconductors,$80.62M,0.18059736842105267,19,4.38974675768902
ATOS,Health Care,Major Pharmaceuticals,$12.78M,0.31210937499999997,16,2.5478814489493886
ATRA,Health Care,Biotechnology: Biological Products (No Diagnostic Substances),$732.12M,-0.024684210526315788,19,6.595944434951761
ATRC,Health Care,Medical/Dental Instruments,$1.61B,-0.00965,2,7.383989457978509
ATRI,Health Care,Medical/Dental Instruments,$1.27B,0.0915675,20,7.146772179452637
ATRO,Capital Goods,Military/Government/Technical,$748.98M,0.022845,5,6.618712280891015
ATRS,Health Care,Medical/Dental Instruments,$571.29M,-0.010607499999999999,20,6.347896961638835
ATSG,Transportation,Air Freight/Delivery Services,$1.3B,0.1910075,10,7.170119543449628
ATVI,Technology,Computer Software: Prepackaged Software,$49.17B,0.14861625,20,10.803038960405985
ATXI,Health Care,Major Pharmaceuticals,$166.78M,-0.2263,1,5.116675578658839
AUB,Finance,Major Banks,$2.82B,-0.0959441176470588,17,7.944492163932159
AUBN,Finance,Major Banks,$206.84M,0.2522375,4,5.33194554752802
AUDC,Public Utilities,Telecommunications Equipment,$729.68M,0.06749999999999998,5,6.592606081871903
AUG,Basic Industries,Precious Metals,$131.42M,-0.10133625000000002,20,4.878398301469722
AUMN,Basic Industries,Precious Metals,$32.31M,0.0193,1,3.475376779836407
AUPH,Health Care,Major Pharmaceuticals,$2.28B,-0.18083928571428573,7,7.731930721948486
AUTO,Technology,"Computer Software: Programming, Data Processing",$27.61M,0.036647500000000006,20,3.3181780259420632
AVAV,Capital Goods,Aerospace,$1.51B,0.43687499999999996,6,7.31986492980897
AVCO,Consumer Services,Professional Services,$124.26M,0.198755,5,4.822376144635548
AVDL,Health Care,Major Pharmaceuticals,$267.56M,-0.03665357142857143,7,5.589343840250208
AVEO,Health Care,Major Pharmaceuticals,$844.3M,-0.092005,20,6.738507881675454
AVGO,Technology,Semiconductors,$123.53B,0.1698902777777778,18,11.72423932053086
AVID,Technology,Computer Software: Prepackaged Software,$387.01M,0.16423875000000002,20,5.958450532489222
AVNW,Technology,Radio And Television Broadcasting And Communications Equipment,$72.38M,0.044475,2,4.281930018135596
AVRO,Health Care,Biotechnology: Biological Products (No Diagnostic Substances),$720.76M,0.07105625000000003,20,6.5803062108586134
AVT,Technology,Electronic Components,$3.61B,0.09455555555555555,18,8.191463051326927
AVXL,Health Care,Biotechnology: Commercial Physical & Biological Resarch,$302.71M,0.12765,1,5.712775251491246
AWRE,Technology,Computer Software: Prepackaged Software,$70.59M,-0.31018125,4,4.256888491407381
AWX,Public Utilities,Environmental Services,$7.17M,0.07742500000000001,3,1.969905654611529
AXAS,Energy,Oil & Gas Production,$38.46M,0.04823125,4,3.6496187401606335
AXDX,Capital Goods,Biotechnology: Laboratory Analytical Instruments,$880.33M,-0.09589375,12,6.780296837177326
AXGT,Health Care,Major Pharmaceuticals,$102.79M,0.29294166666666666,3,4.6326880720248305
AXLA,Health Care,Biotechnology: Biological Products (No Diagnostic Substances),$109.79M,0.17934642857142857,7,4.698569450246641
AXNX,Health Care,Medical/Dental Instruments,$1.22B,0.1798325,10,7.106606137727303
AXSM,Health Care,Major Pharmaceuticals,$3.43B,-0.271725,15,8.140315540159985
AXU,Basic Industries,Precious Metals,$244.26M,-0.018765,10,5.498233231742942
AY,Public Utilities,Electric Utilities: Central,$3.26B,0.13548124999999997,20,8.089482474360754
AYTU,Health Care,Major Pharmaceuticals,$19.14M,0.0730407894736842,19,2.9517803860248084
AZPN,Technology,EDP Services,$8.52B,0.20157857142857138,7,9.050171619823361
BAND,Technology,Computer Software: Prepackaged Software,$1.79B,0.0292671052631579,19,7.489970898834801
BANF,Finance,Major Banks,$1.94B,-0.07568999999999998,5,7.570443252057374
BANFP,Finance,Major Banks,$27.65M,0.214275,1,3.3196257279683437
BANR,Finance,Major Banks,$1.92B,-0.014503124999999997,8,7.560080465021827
BASI,Health Care,Biotechnology: Commercial Physical & Biological Resarch,$61.77M,0.1761575,20,4.123417809707808
BATRA,Consumer Services,Broadcasting,$1.46B,-0.050301249999999985,20,7.286191714702382
BATRK,Consumer Services,Broadcasting,$1.46B,0.3060625,4,7.286191714702382
BBBY,Consumer Services,Home Furnishings,$1.61B,0.025621052631578954,19,7.383989457978509
BBCP,Basic Industries,Engineering & Construction,$346.06M,-0.01739999999999999,5,5.846612170428502
BBI,Health Care,Biotechnology: Biological Products (No Diagnostic Substances),$26.63M,0.04103000000000001,20,3.282038399825841
BBIO,Health Care,Major Pharmaceuticals,$4.32B,-0.01976562499999997,8,8.371010681238156
BBQ,Consumer Services,Restaurants,$47.4M,0.31989000000000006,20,3.858622228701031
BBSI,Technology,Professional Services,$625.55M,0.18747916666666664,12,6.438631262763409
BCBP,Finance,Savings Institutions,$225.44M,0.0,2,5.4180540481503705
BCDA,Health Care,Biotechnology: Biological Products (No Diagnostic Substances),$30.24M,0.08197321428571427,14,3.4091655513113324
BCEL,Health Care,Major Pharmaceuticals,$655.96M,-0.39502499999999996,1,6.486099811475245
BCLI,Health Care,Biotechnology: Biological Products (No Diagnostic Substances),$158.7M,0.16132500000000002,3,5.0670156275323635
BCML,Finance,Major Banks,$282.74M,0.263875,4,5.644527747438887
BCOM,Consumer Services,Telecommunications Equipment,$169.82M,0.02303392857142857,14,5.134739052571217
BCOR,Finance,Finance: Consumer Services,$1.1B,0.21926874999999998,8,7.003065458786462
BCOV,Technology,EDP Services,$331.36M,0.1761083333333333,9,5.803205397647274
BCPC,Basic Industries,Major Chemicals,$3.61B,0.14335000000000003,7,8.191463051326927
BCRX,Health Care,Biotechnology: Biological Products (No Diagnostic Substances),$419.04M,0.017522500000000003,10,6.037966380759402
BCTF,Finance,Savings Institutions,$49.78M,0.3035083333333333,3,3.907613296939446
BCYC,Health Care,Major Pharmaceuticals,$279.28M,-0.028595,5,5.63221486279678
BDGE,Finance,Major Banks,$624.22M,0.12765,2,6.436502870335873
BDL,Consumer Services,Restaurants,$38.28M,0.019192105263157896,19,3.6449275665847534
BDR,Technology,Radio And Television Broadcasting And Communications Equipment,$7.25M,0.15807763157894736,19,1.9810014688665833
BDSI,Health Care,Major Pharmaceuticals,$520.5M,-0.062139999999999994,10,6.254789888055024
BDTX,Health Care,Biotechnology: Biological Products (No Diagnostic Substances),$1.33B,0.1952875,2,7.1929342212158
BEAM,Health Care,Biotechnology: Biological Products (No Diagnostic Substances),$1.34B,0.11938749999999998,20,7.200424892944957
BEAT,Health Care,Medical Specialities,$1.85B,0.1483675,20,7.52294091807237
BECN,Consumer Services,RETAIL: Building Materials,$2.47B,0.344765625,8,7.8119734296220225
BELFA,Capital Goods,Electrical Products,$165.69M,0.12595,2,5.1101185725812055
BELFB,Capital Goods,Electrical Products,$187.17M,0.12595,2,5.232017294790805
BFC,Finance,Major Banks,$443.76M,0.23710874999999998,20,6.095283875746979
BFIN,Finance,Savings Institutions,$187.56M,0.217125,1,5.234098794221386
BFRA,Health Care,Major Pharmaceuticals,$252.56M,0.22030000000000002,2,5.5316488442497365
BFST,Finance,Major Banks,$341.37M,0.3051875,2,5.832966933037027
BGCP,Finance,Investment Bankers/Brokers/Service,$1.97B,-0.011499999999999984,13,7.585788821732034
BGFV,Consumer Services,Other Specialty Stores,$78.67M,-0.024795833333333333,6,4.365261888341151
BGI,Consumer Services,Consumer Specialties,$15.9M,0.05339124999999999,20,2.766319109226186
BGNE,Health Care,Major Pharmaceuticals,$13.2B,0.16163249999999998,10,9.487972108574462
BHAT,Consumer Non-Durables,Recreational Products/Toys,$43.75M,-0.06916249999999999,20,3.7784916128036232
BHB,Finance,Major Banks,$353.04M,0.06083214285714285,14,5.8665813649612915
BHF,Finance,Life Insurance,$5.02B,0.0756970588235294,17,8.521185212685776
BHFAP,Finance,Life Insurance,nan,-0.47457499999999997,1,0.0
BHTG,Consumer Services,Other Consumer Services,$32.08M,-0.13211071428571428,7,3.4682327829983137
BIDU,Technology,"Computer Software: Programming, Data Processing",$45.9B,-0.042331578947368435,19,10.734220396048636
BIIB,Health Care,Biotechnology: Biological Products (No Diagnostic Substances),$58.6B,0.1316984375,16,10.978489975565104
BILI,Technology,EDP Services,$9.11B,0.13534605263157892,19,9.117127990254003
BIMI,Capital Goods,Metal Fabrications,$30.94M,0.12002083333333334,6,3.43204984514492
BIOC,Health Care,Medical Specialities,$14.02M,-0.024405769230769224,13,2.640484881606444
BIOL,Health Care,Medical/Dental Instruments,$23.98M,0.0019950000000000046,20,3.177220149599368
BJRI,Consumer Services,Restaurants,$837.6M,0.05750875000000001,20,6.730540659556327
BKEP,Energy,Natural Gas Distribution,$46.94M,0.04293999999999999,5,3.8488701904228773
BKEPP,Energy,Natural Gas Distribution,$161.65M,0.1279,2,5.0854335041714425
BKNG,Consumer Services,Transportation Services,$82.49B,-0.016992647058823526,17,11.320432352854777
BKSC,Finance,Major Banks,$104.19M,0.15273333333333333,3,4.646216155424092
BKTI,Technology,Radio And Television Broadcasting And Communications Equipment,$34.43M,-0.15923749999999998,4,3.5389282773504322
BKYI,Technology,Computer Communications Equipment,$11.24M,-0.0028937499999999996,4,2.419478844465545
BL,Technology,Computer Software: Prepackaged Software,$3.81B,0.2254833333333333,15,8.245384468120747
BLCM,Health Care,Major Pharmaceuticals,$49.58M,0.19324999999999998,2,3.9035875266070446
BLDP,Energy,Industrial Machinery/Components,$3B,0.07792750000000001,10,8.006367567650246
BLDR,Consumer Services,RETAIL: Building Materials,$3.26B,0.23536250000000006,8,8.089482474360754
BLFS,Health Care,Biotechnology: Electromedical & Electrotherapeutic Apparatus,$331.53M,0.029405000000000004,10,5.8037183032688
BLIN,Technology,Computer Software: Prepackaged Software,$4.14M,0.4725249999999999,3,1.4206957878372228
BLKB,Technology,Computer Software: Prepackaged Software,$3.78B,0.0066846153846153705,13,8.237479288613633
BLMN,Consumer Services,Restaurants,$2B,0.05321749999999999,20,7.600902459542082
BLNK,Consumer Durables,Electrical Products,$82.11M,0.036745,5,4.4080598117206975
BLPH,Health Care,Major Pharmaceuticals,$35.36M,0.028739473684210527,19,3.5655812377694427
BPMX,Health Care,Major Pharmaceuticals,$5.72M,0.43428750000000005,2,1.7439688053917064
BRG,Consumer Services,Real Estate Investment Trusts,$269.54M,0.0618675,20,5.596716802341013
BRN,Energy,Oil & Gas Production,$7.53M,-0.05027374999999999,20,2.018895041811802
BTG,Basic Industries,Precious Metals,$4.69B,0.02023088235294118,17,8.453187861440325
BTN,Miscellaneous,Industrial Machinery/Components,$44.72M,0.15899333333333335,15,3.8004208288468435
CANF,Health Care,Major Pharmaceuticals,$11.16M,0.14075555555555558,18,2.412335956953165
CCF,Consumer Durables,Building Products,$895.09M,0.2406625,12,6.796924271878391
CDOR,Consumer Services,Real Estate Investment Trusts,$129.22M,0.2200573529411765,34,4.86151637813002
CEI,Energy,Oil & Gas Production,$7.15M,0.09785624999999998,20,1.9671123567059163
CIX,Capital Goods,Industrial Machinery/Components,$184.16M,0.07972125,20,5.215804944973573
CKX,Energy,Oil & Gas Production,$18.31M,-0.2185375,2,2.907447358686419
CMCL,Basic Industries,Precious Metals,$125.01M,-0.022839999999999982,5,4.828393734102471
CMT,Consumer Non-Durables,Plastic Products,$25.3M,0.19299125,20,3.2308043957334744
COHN,Finance,Investment Bankers/Brokers/Service,$5.35M,0.030938750000000004,20,1.6770965609079151
CPHI,Health Care,Major Pharmaceuticals,$18.69M,0.1646828125,16,2.9279886214674717
CQP,Public Utilities,Oil/Gas Transmission,$17.74B,0.14137343749999998,16,9.78357725586357
CRHM,Health Care,Medical/Nursing Services,$288.94M,-0.06226,5,5.666219054101235
CRMD,Health Care,Major Pharmaceuticals,$166.23M,-0.16209166666666666,3,5.113372371547368
CTEK,Miscellaneous,Business Services,$37.94M,0.013528571428571442,14,3.636005964506868
CTO,Finance,Real Estate,$309.86M,0.09886999999999999,20,5.736120582568145
CUO,Capital Goods,Building Materials,$17.18M,0.18081125000000003,20,2.8437459165561094
CVM,Health Care,Biotechnology: Biological Products (No Diagnostic Substances),$620.45M,0.13120138888888888,18,6.4304450212206286
CVR,Technology,Industrial Machinery/Components,$24M,0.09752236842105262,19,3.1780538303479458
CVU,Capital Goods,Military/Government/Technical,$47.19M,0.13425833333333337,18,3.8541820057382963
DIT,Consumer Non-Durables,Food Distributors,$41.32M,0.13292,15,3.721346644251438
DLA,Consumer Non-Durables,Apparel,$155.85M,0.1290921052631579,19,5.048894006213346
DNN,Basic Industries,Precious Metals,$230.93M,0.05979375,20,5.4421146342958036
DPW,Capital Goods,Industrial Machinery/Components,$6.64M,-0.07813157894736843,19,1.8931119634883424
DSS,Consumer Durables,Containers/Packaging,$8.83M,0.29355694444444447,18,2.178155014615869
DXF,Finance,Finance: Consumer Services,$20.86M,0.10135625,12,3.0378334495726262
DXR,Health Care,Medical/Dental Instruments,$35.41M,0.23337,20,3.566994266123812
ELA,Consumer Services,Consumer Specialties,$71.62M,-0.12785138888888892,18,4.271374364570287
ELLO,Public Utilities,Electric Utilities: Central,$240.03M,-0.05580921052631577,19,5.480763915530142
ELMD,Health Care,Biotechnology: Electromedical & Electrotherapeutic Apparatus,$102.17M,0.2847,3,4.626638092603332
EMAN,Technology,Semiconductors,$21.74M,-0.048567500000000006,20,3.0791538816930633
EMX,Basic Industries,Precious Metals,$162.3M,0.07664999999999998,19,5.089446474520545
ENSV,Energy,Oilfield Services/Equipment,$10.51M,0.0,2,2.3523271848888596
EPM,Energy,Oil & Gas Production,$170.14M,-0.08405500000000003,20,5.136621627547738
EQX,Basic Industries,Precious Metals,$1.08B,0.14225576923076919,13,6.984716320118266
ESP,Capital Goods,Industrial Machinery/Components,$53.66M,0.13890000000000002,16,3.982667844997478
EVBN,Finance,Major Banks,$196.99M,0.2291,2,5.283152966028264
EVI,Consumer Services,Other Consumer Services,$278.77M,0.03038157894736843,19,5.630387069079425
FRD,Capital Goods,Steel/Iron Ore,$38.5M,0.4811875,2,3.6506582412937387
FSI,Basic Industries,Major Chemicals,$26M,0.07648374999999999,20,3.258096538021482
FSP,Consumer Services,Real Estate Investment Trusts,$818.46M,-0.010085526315789475,19,6.707424525733084
GBR,Energy,Oil & Gas Production,$5.75M,0.255959375,16,1.749199854809259
GDP,Energy,Oil & Gas Production,$75.11M,-0.21819000000000002,20,4.31895370569792
GLOW,Public Utilities,Telecommunications Equipment,$7.25M,0.1677708333333333,18,1.9810014688665833
GMO,Basic Industries,Precious Metals,$28.28M,0.19599605263157893,19,3.342154841028372
GORO,Basic Industries,Precious Metals,$348.82M,0.01697916666666668,18,5.854556029840523
GPL,Basic Industries,Precious Metals,$185.7M,0.3820549999999999,20,5.22413246835866
GSAT,Consumer Services,Telecommunications Equipment,$667.75M,0.12784772727272728,11,6.50391385199007
GSB,Technology,Computer Software: Prepackaged Software,$181.47M,0.11176447368421052,19,5.201090350786933
GSS,Basic Industries,Precious Metals,$322.82M,0.07421124999999998,20,5.777094892345134
GSV,Basic Industries,Mining & Quarrying of Nonmetallic Minerals (No Fuels),$202.12M,0.09161184210526314,19,5.308861580423708
GTE,Energy,Oil & Gas Production,$346.83M,0.2219125,20,5.84883474635534
GV,Basic Industries,Water Supply,$90.56M,0.15255657894736843,19,4.506012614454873
HMG,Consumer Services,Real Estate Investment Trusts,$13.3M,-0.021480263157894745,19,2.5877640352277083
HUSA,Energy,Oil & Gas Production,$10.55M,-0.054690000000000016,5,2.3561258599220753
IBIO,Health Care,Major Pharmaceuticals,$26.29M,0.04218947368421051,19,3.26918863874179
IGC,Technology,Electronic Components,$23.2M,0.08252368421052632,19,3.1441522786722644
IHT,Consumer Services,Real Estate Investment Trusts,$13.96M,0.05012727272727275,11,2.6361960973342264
IMH,Consumer Services,Real Estate Investment Trusts,$120.09M,-0.14133,20,4.788241461672592
IMO,Energy,Integrated oil Companies,$18.01B,0.1671342105263158,19,9.798682438170001
INDO,Energy,Oil & Gas Production,$47.86M,-0.0027012499999999997,20,3.868280082480227
INFU,Health Care,Medical/Dental Instruments,$233.16M,0.15046666666666667,3,5.451724913177349
INS,Technology,Computer Software: Prepackaged Software,$386.27M,0.18944625,20,5.956536606806695
INTT,Capital Goods,Electrical Products,$59.51M,-0.07371875,4,4.086144365656761
INUV,Consumer Services,Advertising,$15.25M,-0.06728333333333333,3,2.7245795030534206
IOR,Consumer Services,Real Estate Investment Trusts,$59.4M,0.2076618421052632,19,4.084294226368599
IPB,Finance,Finance: Consumer Services,nan,0.0460846153846154,13,0.0
ISDR,Miscellaneous,Publishing,$45.81M,0.48952500000000004,1,3.8245024078986507
ISR,Health Care,Medical/Dental Instruments,$59.53M,-0.02283499999999999,20,4.086480387165299
ITP,Consumer Durables,Containers/Packaging,$19.45M,0.009890789473684219,19,2.9678470700644555
JOB,Technology,Diversified Commercial Services,$5.01M,0.033697222222222205,18,1.6114359150967734
KLR,Technology,EDP Services,$163.61M,0.11943863636363634,11,5.097485546994985
LBY,Capital Goods,Industrial Machinery/Components,$31.3M,-0.11441944444444443,9,3.4436180975461075
LCTX,Health Care,Biotechnology: Biological Products (No Diagnostic Substances),$669.58M,0.058916666666666666,3,6.506650650150935
LEU,Basic Industries,Mining & Quarrying of Nonmetallic Minerals (No Fuels),$65.54M,0.02998026315789474,19,4.182660643270669
LGL,Capital Goods,Industrial Machinery/Components,$73.97M,0.029084090909090917,11,4.303659605599776
LLEX,Energy,Oil & Gas Production,$28.81M,0.35475,2,3.360722549096437
LNG,Public Utilities,Oil/Gas Transmission,$13.98B,0.12495666666666667,15,9.5453830157878
LODE,Basic Industries,Precious Metals,$15.72M,0.1989368421052632,19,2.7549337870010606
LOV,Consumer Services,Other Consumer Services,$80.27M,0.0858763157894737,19,4.385395952143486
LTSF,Finance,Investment Bankers/Brokers/Service,nan,-0.074,1,0.0
LTSK,Finance,Investment Bankers/Brokers/Service,nan,-0.074,1,0.0
LTSL,Finance,Investment Bankers/Brokers/Service,nan,-0.074,1,0.0
MAG,Basic Industries,Precious Metals,$925.18M,-0.038075,18,6.829988313175948
MCF,Energy,Oil & Gas Production,$586.18M,0.34709375,20,6.37362690964631
MHH,Consumer Services,Professional Services,$191.98M,0.22773823529411763,17,5.257391199935391
MICR,Health Care,Biotechnology: Electromedical & Electrotherapeutic Apparatus,$9.05M,0.07552500000000001,17,2.2027647577118348
MLSS,Health Care,Industrial Specialties,$118.79M,-0.0159675,20,4.777357228301448
MMX,Basic Industries,Precious Metals,$587.3M,0.10068875,20,6.375535762528473
MSN,Consumer Non-Durables,Consumer Electronics/Appliances,$17.95M,0.10763875,20,2.8875901149342877
MTA,Basic Industries,Precious Metals,$203.16M,-0.14811625,20,5.3139938459330445
MTNB,Health Care,Major Pharmaceuticals,$243.75M,-0.015405000000000007,5,5.4961431098779565
MXC,Energy,Oil & Gas Production,$7.57M,0.18605833333333333,9,2.0241930674493576
MYO,Health Care,Industrial Specialties,$4.09M,-0.19601374999999996,20,1.4085449700547104
NAK,Basic Industries,Precious Metals,$268.35M,0.04272499999999999,20,5.592292098622838
NAVB,Health Care,Biotechnology: In Vitro & In Vivo Diagnostic Substances,$20.25M,-0.0076999999999999985,6,3.0081547935525483
NBY,Health Care,Major Pharmaceuticals,$15.64M,0.029957692307692303,13,2.7498317351171653
NEN,Consumer Services,Building operators,$230.78M,0.20887894736842105,19,5.441464875766521
NES,Energy,Oilfield Services/Equipment,$45.39M,0.131846875,16,3.8152918164683745
NG,Basic Industries,Precious Metals,$3.05B,0.16286176470588232,17,8.022896869601457
NGD,Basic Industries,Precious Metals,$543.54M,0.0010550000000000045,20,6.2981033009092515
NHC,Health Care,Hospital/Nursing Management,$1.27B,0.0658375,20,7.146772179452637
NNVC,Health Care,Biotechnology: Commercial Physical & Biological Resarch,$44.46M,0.12714166666666663,18,3.7945899085360506
NOG,Energy,Oil & Gas Production,$653.32M,0.03177236842105264,19,6.482067055184938
NSPR,Health Care,Medical/Dental Instruments,$4.25M,-0.021665,5,1.4469189829363254
NTIP,Miscellaneous,Multi-Sector Companies,$55.57M,0.36685,1,4.01764348729183
NTN,Consumer Services,Broadcasting,$5.97M,0.04299000000000001,20,1.7867469274045107
NXE,Basic Industries,Precious Metals,$396.28M,0.150475,4,5.982121032104829
OCX,Health Care,Biotechnology: In Vitro & In Vivo Diagnostic Substances,$178M,0.04940833333333332,18,5.181783550292085
OGEN,Health Care,Major Pharmaceuticals,$25.99M,-0.02730657894736839,19,3.2577118486533987
PED,Energy,Oil & Gas Production,$87.99M,0.018732894736842115,19,4.477223171657469
PFNX,Health Care,Major Pharmaceuticals,$406.72M,0.08445833333333334,3,6.008124988001089
PHGE,Health Care,Biotechnology: Biological Products (No Diagnostic Substances),$224.93M,0.22304500000000002,5,5.4157892426882075
PLAG,Consumer Non-Durables,Packaged Foods,$15.95M,-0.15596,5,2.7694588292308535
PLG,Basic Industries,Precious Metals,$150.88M,0.26464,15,5.016484818885147
PLM,Basic Industries,Precious Metals,$301.67M,0.09825277777777779,18,5.709333704694526
PLX,Health Care,Biotechnology: Biological Products (No Diagnostic Substances),$56.68M,0.1353315789473684,19,4.03742141482248
PLYM,Consumer Services,Real Estate Investment Trusts,$283.01M,0.1317583333333333,3,5.645482232707993
PRK,Finance,Major Banks,$1.63B,0.18773437499999998,8,7.396335293800808
PTN,Health Care,Major Pharmaceuticals,$141.19M,0.095765,10,4.950106501021434
PW,Consumer Services,Real Estate Investment Trusts,$23.82M,0.16621625,20,3.170525563927154
REI,Energy,Oil & Gas Production,$130.88M,0.26027968749999997,16,4.8742808728544365
RHE,Health Care,Hospital/Nursing Management,$2.46M,0.13799874999999998,20,0.9001613499442714
RLGT,Transportation,Oil Refining/Marketing,$238.94M,0.3595,4,5.476212474389078
RVP,Health Care,Medical/Dental Instruments,$56.2M,-0.042030882352941175,17,4.028916756899646
SACC,Consumer Services,Real Estate Investment Trusts,nan,-0.29117692307692306,13,0.0
SACH,Consumer Services,Real Estate Investment Trusts,$93.56M,2.3684210526322675e-05,19,4.538602941715978
SCCB,Consumer Services,Real Estate Investment Trusts,nan,-0.010658333333333344,3,0.0
SDI,Consumer Non-Durables,Tobacco,$208.67M,0.12833684210526317,19,5.340754056745293
SDPI,Energy,Metal Fabrications,$15.56M,-0.194655,20,2.7447035187502458
SEB,Finance,Investment Bankers/Brokers/Service,$4.58B,0.015227499999999996,20,8.429454277108231
SENS,Capital Goods,Industrial Machinery/Components,$315.45M,0.11606666666666667,18,5.754000190816819
SGB,Finance,Major Banks,$87.49M,-0.05156973684210526,19,4.471524501118173
SIF,Capital Goods,Aerospace,$26.95M,0.23143289473684214,19,3.2939832973550063
SILV,Basic Industries,Precious Metals,$822.95M,0.034783333333333354,3,6.712895445490077
SIM,Basic Industries,Steel/Iron Ore,$1.64B,0.030242500000000016,20,7.402451520818244
SMTS,Basic Industries,Precious Metals,$267.49M,-0.027339583333333334,12,5.589082182459723
SNMP,Energy,Oil & Gas Production,$7.65M,0.07270972222222222,18,2.0347056478384444
SSY,Health Care,Hospital/Nursing Management,$8.35M,-0.06712749999999999,20,2.122261538862764
STXS,Health Care,Biotechnology: Electromedical & Electrotherapeutic Apparatus,$293.57M,-0.017230555555555555,9,5.682116111683133
SVM,Basic Industries,Precious Metals,$697.55M,0.1537631578947368,19,6.547574195714117
SVT,Capital Goods,Industrial Machinery/Components,$25.39M,-0.12559374999999998,20,3.234355395716587
SYN,Health Care,Major Pharmaceuticals,$8.4M,0.05987236842105262,19,2.128231705849268
TAT,Energy,Oil & Gas Production,$21.95M,-0.22346250000000004,20,3.08876713952118
TGB,Basic Industries,Precious Metals,$108.33M,0.028630263157894742,19,4.6851821239574765
TGC,Energy,Oil & Gas Production,$6.83M,0.15007750000000003,20,1.9213246735826988
THM,Basic Industries,Precious Metals,$100.54M,0.06481805555555557,18,4.610555658264429
TMP,Finance,Major Banks,$1.3B,0.017192105263157908,19,7.170119543449628
TMQ,Basic Industries,Precious Metals,$283.66M,0.043175,4,5.647776337866461
TPHS,Consumer Services,Building operators,$112.86M,-0.0052624999999999825,4,4.726148112540994
TRT,Technology,Industrial Machinery/Components,$13.22M,-0.043904999999999986,15,2.5817308344235403
TRX,Basic Industries,Precious Metals,$95.73M,-0.002856578947368417,19,4.561531728958262
TRXC,Health Care,Medical/Dental Instruments,$32.77M,0.23214166666666666,3,3.489513462710723
UAVS,Capital Goods,Aerospace,$8.12M,0.011792105263157906,19,2.0943301541735866
UEC,Basic Industries,Precious Metals,$159.83M,0.11978653846153843,13,5.074110750380562
UFAB,Capital Goods,Auto Parts:O.E.M.,$36.13M,0.05869375000000002,4,3.587123545159549
URG,Basic Industries,Precious Metals,$84.14M,0.03019218750000001,16,4.432482078162375
USAS,Basic Industries,Precious Metals,$263.98M,0.15086875,20,5.575873342700809
UUU,Technology,Electronic Components,$1.53M,0.11182500000000001,4,0.4252677354043441
UUUU,Basic Industries,Mining & Quarrying of Nonmetallic Minerals (No Fuels),$154.86M,0.20287500000000003,9,5.042521482958578
VGZ,Basic Industries,Precious Metals,$77.94M,0.0,1,4.355939299910563
VHC,Miscellaneous,Multi-Sector Companies,$341.29M,0.012822222222222221,18,5.832732555747113
VNRX,Health Care,Biotechnology: In Vitro & In Vivo Diagnostic Substances,$205.2M,0.030762499999999984,2,5.323985113296614
VOLT,Technology,Professional Services,$43.89M,0.11590526315789476,19,3.7816865037001426
WRN,Basic Industries,Precious Metals,$69.19M,0.08820769230769229,13,4.23685634351072
WTT,Capital Goods,Electrical Products,$28.14M,-0.008168750000000008,16,3.337192051686243
WYY,Technology,EDP Services,$41.99M,0.0,1,3.737431494696102
XPL,Basic Industries,Precious Metals,$19.05M,-0.164925,1,2.94706710157271
XXII,Consumer Non-Durables,Farming/Seeds/Milling,$130.39M,0.013410526315789475,19,4.87052995943538
YCBD,Consumer Non-Durables,Package Goods/Cosmetics,$54.49M,-0.027596428571428574,7,3.998017198595007
YUMA,Energy,Oil & Gas Production,$4.86M,0.1032671052631579,19,1.5810384379124025
ZDGE,Technology,Computer Software: Prepackaged Software,$20.38M,-0.015141666666666645,3,3.0145540277945786
ZOM,Health Care,Major Pharmaceuticals,$34.57M,0.16443472222222225,18,3.5429862539335333
